Date	CO_ID	CoName	ROI
2014-01-02	TWN50  	TW 50 INDEX  	  -0.3534
2014-01-03	TWN50  	TW 50 INDEX  	  -1.1200
2014-01-06	TWN50  	TW 50 INDEX  	  -0.5494
2014-01-07	TWN50  	TW 50 INDEX  	  -0.2469
2014-01-08	TWN50  	TW 50 INDEX  	   0.5209
2014-01-09	TWN50  	TW 50 INDEX  	  -0.5343
2014-01-10	TWN50  	TW 50 INDEX  	   0.1974
2014-01-13	TWN50  	TW 50 INDEX  	   0.6862
2014-01-14	TWN50  	TW 50 INDEX  	  -0.1150
2014-01-15	TWN50  	TW 50 INDEX  	   0.9111
2014-01-16	TWN50  	TW 50 INDEX  	   0.4080
2014-01-17	TWN50  	TW 50 INDEX  	  -0.1552
2014-01-20	TWN50  	TW 50 INDEX  	   0.3795
2014-01-21	TWN50  	TW 50 INDEX  	  -0.5593
2014-01-22	TWN50  	TW 50 INDEX  	   0.5123
2014-01-23	TWN50  	TW 50 INDEX  	  -0.3926
2014-01-24	TWN50  	TW 50 INDEX  	   0.2925
2014-01-27	TWN50  	TW 50 INDEX  	  -1.8321
2014-02-05	TWN50  	TW 50 INDEX  	  -3.3263
2014-02-06	TWN50  	TW 50 INDEX  	   0.6113
2014-02-07	TWN50  	TW 50 INDEX  	   1.1184
2014-02-10	TWN50  	TW 50 INDEX  	  -0.0733
2014-02-11	TWN50  	TW 50 INDEX  	   0.5707
2014-02-12	TWN50  	TW 50 INDEX  	   1.1937
2014-02-13	TWN50  	TW 50 INDEX  	  -0.4860
2014-02-14	TWN50  	TW 50 INDEX  	   1.0575
2014-02-17	TWN50  	TW 50 INDEX  	   0.0927
2014-02-18	TWN50  	TW 50 INDEX  	   0.3829
2014-02-19	TWN50  	TW 50 INDEX  	   0.1904
2014-02-20	TWN50  	TW 50 INDEX  	  -0.9321
2014-02-21	TWN50  	TW 50 INDEX  	   1.0456
2014-02-24	TWN50  	TW 50 INDEX  	  -0.7143
2014-02-25	TWN50  	TW 50 INDEX  	   0.2576
2014-02-26	TWN50  	TW 50 INDEX  	   0.1910
2014-02-27	TWN50  	TW 50 INDEX  	   0.3652
2014-03-03	TWN50  	TW 50 INDEX  	  -0.5605
2014-03-04	TWN50  	TW 50 INDEX  	  -0.7061
2014-03-05	TWN50  	TW 50 INDEX  	   1.0820
2014-03-06	TWN50  	TW 50 INDEX  	   1.3743
2014-03-07	TWN50  	TW 50 INDEX  	   0.6063
2014-03-10	TWN50  	TW 50 INDEX  	  -0.7691
2014-03-11	TWN50  	TW 50 INDEX  	   0.4480
2014-03-12	TWN50  	TW 50 INDEX  	  -0.3158
2014-03-13	TWN50  	TW 50 INDEX  	   1.1767
2014-03-14	TWN50  	TW 50 INDEX  	  -0.8187
2014-03-17	TWN50  	TW 50 INDEX  	  -0.1216
2014-03-18	TWN50  	TW 50 INDEX  	   0.3846
2014-03-19	TWN50  	TW 50 INDEX  	  -0.4743
2014-03-20	TWN50  	TW 50 INDEX  	  -1.1977
2014-03-21	TWN50  	TW 50 INDEX  	  -0.2143
2014-03-24	TWN50  	TW 50 INDEX  	   0.6149
2014-03-25	TWN50  	TW 50 INDEX  	   0.8670
2014-03-26	TWN50  	TW 50 INDEX  	   0.6668
2014-03-27	TWN50  	TW 50 INDEX  	   0.5616
2014-03-28	TWN50  	TW 50 INDEX  	   0.3689
2014-03-31	TWN50  	TW 50 INDEX  	   0.6536
2014-04-01	TWN50  	TW 50 INDEX  	   0.4218
2014-04-02	TWN50  	TW 50 INDEX  	   0.3370
2014-04-03	TWN50  	TW 50 INDEX  	  -0.4491
2014-04-07	TWN50  	TW 50 INDEX  	  -0.1829
2014-04-08	TWN50  	TW 50 INDEX  	   0.3857
2014-04-09	TWN50  	TW 50 INDEX  	   0.3929
2014-04-10	TWN50  	TW 50 INDEX  	   0.5572
2014-04-11	TWN50  	TW 50 INDEX  	  -0.2041
2014-04-14	TWN50  	TW 50 INDEX  	  -0.2546
2014-04-15	TWN50  	TW 50 INDEX  	   0.6152
2014-04-16	TWN50  	TW 50 INDEX  	  -0.3314
2014-04-17	TWN50  	TW 50 INDEX  	   0.1419
2014-04-18	TWN50  	TW 50 INDEX  	   0.6495
2014-04-21	TWN50  	TW 50 INDEX  	  -0.2561
2014-04-22	TWN50  	TW 50 INDEX  	   0.2602
2014-04-23	TWN50  	TW 50 INDEX  	  -0.0574
2014-04-24	TWN50  	TW 50 INDEX  	   0.1222
2014-04-25	TWN50  	TW 50 INDEX  	  -1.5708
2014-04-28	TWN50  	TW 50 INDEX  	   0.6174
2014-04-29	TWN50  	TW 50 INDEX  	   0.5129
2014-04-30	TWN50  	TW 50 INDEX  	  -0.9595
2014-05-02	TWN50  	TW 50 INDEX  	   0.8388
2014-05-05	TWN50  	TW 50 INDEX  	  -0.1008
2014-05-06	TWN50  	TW 50 INDEX  	   0.5883
2014-05-07	TWN50  	TW 50 INDEX  	  -0.1756
2014-05-08	TWN50  	TW 50 INDEX  	   0.3701
2014-05-09	TWN50  	TW 50 INDEX  	  -0.2647
2014-05-12	TWN50  	TW 50 INDEX  	  -1.0546
2014-05-13	TWN50  	TW 50 INDEX  	   0.4989
2014-05-14	TWN50  	TW 50 INDEX  	   0.9640
2014-05-15	TWN50  	TW 50 INDEX  	   0.0027
2014-05-16	TWN50  	TW 50 INDEX  	   0.1376
2014-05-19	TWN50  	TW 50 INDEX  	  -0.0187
2014-05-20	TWN50  	TW 50 INDEX  	  -0.0754
2014-05-21	TWN50  	TW 50 INDEX  	  -0.3266
2014-05-22	TWN50  	TW 50 INDEX  	   1.4063
2014-05-23	TWN50  	TW 50 INDEX  	   0.4332
2014-05-26	TWN50  	TW 50 INDEX  	   0.1760
2014-05-27	TWN50  	TW 50 INDEX  	   0.3777
2014-05-28	TWN50  	TW 50 INDEX  	   0.7735
2014-05-29	TWN50  	TW 50 INDEX  	  -0.3890
2014-05-30	TWN50  	TW 50 INDEX  	  -0.8533
2014-06-03	TWN50  	TW 50 INDEX  	   0.9043
2014-06-04	TWN50  	TW 50 INDEX  	  -0.0242
2014-06-05	TWN50  	TW 50 INDEX  	   0.1627
2014-06-06	TWN50  	TW 50 INDEX  	  -0.0322
2014-06-09	TWN50  	TW 50 INDEX  	   0.3504
2014-06-10	TWN50  	TW 50 INDEX  	   0.9328
2014-06-11	TWN50  	TW 50 INDEX  	  -0.0098
2014-06-12	TWN50  	TW 50 INDEX  	  -0.5787
2014-06-13	TWN50  	TW 50 INDEX  	  -0.2426
2014-06-16	TWN50  	TW 50 INDEX  	   0.0044
2014-06-17	TWN50  	TW 50 INDEX  	   0.6663
2014-06-18	TWN50  	TW 50 INDEX  	   0.5289
2014-06-19	TWN50  	TW 50 INDEX  	   0.5346
2014-06-20	TWN50  	TW 50 INDEX  	  -0.5764
2014-06-23	TWN50  	TW 50 INDEX  	   0.0153
2014-06-24	TWN50  	TW 50 INDEX  	   0.0459
2014-06-25	TWN50  	TW 50 INDEX  	  -0.1507
2014-06-26	TWN50  	TW 50 INDEX  	   1.0108
2014-06-27	TWN50  	TW 50 INDEX  	  -0.1469
2014-06-30	TWN50  	TW 50 INDEX  	   1.0726
2014-07-01	TWN50  	TW 50 INDEX  	   0.7354
2014-07-02	TWN50  	TW 50 INDEX  	   1.1854
2014-07-03	TWN50  	TW 50 INDEX  	   0.5262
2014-07-04	TWN50  	TW 50 INDEX  	  -0.1516
2014-07-07	TWN50  	TW 50 INDEX  	   0.3272
2014-07-08	TWN50  	TW 50 INDEX  	  -0.0952
2014-07-09	TWN50  	TW 50 INDEX  	  -0.3911
2014-07-10	TWN50  	TW 50 INDEX  	   0.8867
2014-07-11	TWN50  	TW 50 INDEX  	  -0.1702
2014-07-14	TWN50  	TW 50 INDEX  	  -0.1080
2014-07-15	TWN50  	TW 50 INDEX  	   0.6711
2014-07-16	TWN50  	TW 50 INDEX  	  -1.1004
2014-07-17	TWN50  	TW 50 INDEX  	  -1.3841
2014-07-18	TWN50  	TW 50 INDEX  	  -0.0664
2014-07-21	TWN50  	TW 50 INDEX  	   0.5827
2014-07-22	TWN50  	TW 50 INDEX  	   0.6218
2014-07-24	TWN50  	TW 50 INDEX  	   0.2754
2014-07-25	TWN50  	TW 50 INDEX  	  -1.1699
2014-07-28	TWN50  	TW 50 INDEX  	  -0.3799
2014-07-29	TWN50  	TW 50 INDEX  	   0.1085
2014-07-30	TWN50  	TW 50 INDEX  	   0.5240
2014-07-31	TWN50  	TW 50 INDEX  	  -2.1111
2014-08-01	TWN50  	TW 50 INDEX  	  -0.6181
2014-08-04	TWN50  	TW 50 INDEX  	   1.1083
2014-08-05	TWN50  	TW 50 INDEX  	  -2.4904
2014-08-06	TWN50  	TW 50 INDEX  	   0.8327
2014-08-07	TWN50  	TW 50 INDEX  	   0.1214
2014-08-08	TWN50  	TW 50 INDEX  	  -0.4536
2014-08-11	TWN50  	TW 50 INDEX  	   0.7773
2014-08-12	TWN50  	TW 50 INDEX  	   0.1657
2014-08-13	TWN50  	TW 50 INDEX  	   0.8312
2014-08-14	TWN50  	TW 50 INDEX  	   0.4896
2014-08-15	TWN50  	TW 50 INDEX  	  -0.2029
2014-08-18	TWN50  	TW 50 INDEX  	  -0.5008
2014-08-19	TWN50  	TW 50 INDEX  	   1.1748
2014-08-20	TWN50  	TW 50 INDEX  	   0.8446
2014-08-21	TWN50  	TW 50 INDEX  	  -0.2827
2014-08-22	TWN50  	TW 50 INDEX  	   1.2273
2014-08-25	TWN50  	TW 50 INDEX  	  -0.1350
2014-08-26	TWN50  	TW 50 INDEX  	  -0.1261
2014-08-27	TWN50  	TW 50 INDEX  	   1.0316
2014-08-28	TWN50  	TW 50 INDEX  	  -0.0500
2014-08-29	TWN50  	TW 50 INDEX  	  -0.7793
2014-09-01	TWN50  	TW 50 INDEX  	   1.3396
2014-09-02	TWN50  	TW 50 INDEX  	  -1.3292
2014-09-03	TWN50  	TW 50 INDEX  	   0.8824
2014-09-04	TWN50  	TW 50 INDEX  	  -0.3044
2014-09-05	TWN50  	TW 50 INDEX  	  -0.3917
2014-09-09	TWN50  	TW 50 INDEX  	   0.3621
2014-09-10	TWN50  	TW 50 INDEX  	  -1.0099
2014-09-11	TWN50  	TW 50 INDEX  	  -0.3482
2014-09-12	TWN50  	TW 50 INDEX  	  -1.1828
2014-09-15	TWN50  	TW 50 INDEX  	   0.1612
2014-09-16	TWN50  	TW 50 INDEX  	  -1.0689
2014-09-17	TWN50  	TW 50 INDEX  	   0.9678
2014-09-18	TWN50  	TW 50 INDEX  	   0.4110
2014-09-19	TWN50  	TW 50 INDEX  	  -0.2039
2014-09-22	TWN50  	TW 50 INDEX  	  -1.3459
2014-09-23	TWN50  	TW 50 INDEX  	  -0.5800
2014-09-24	TWN50  	TW 50 INDEX  	  -0.0093
2014-09-25	TWN50  	TW 50 INDEX  	  -0.8230
2014-09-26	TWN50  	TW 50 INDEX  	  -0.3029
2014-09-29	TWN50  	TW 50 INDEX  	  -0.4745
2014-09-30	TWN50  	TW 50 INDEX  	  -0.0649
2014-10-01	TWN50  	TW 50 INDEX  	   0.3996
2014-10-02	TWN50  	TW 50 INDEX  	  -0.2705
2014-10-03	TWN50  	TW 50 INDEX  	   1.9044
2014-10-06	TWN50  	TW 50 INDEX  	  -0.0758
2014-10-07	TWN50  	TW 50 INDEX  	  -0.5168
2014-10-08	TWN50  	TW 50 INDEX  	  -1.1522
2014-10-09	TWN50  	TW 50 INDEX  	   0.5329
2014-10-13	TWN50  	TW 50 INDEX  	  -2.7103
2014-10-14	TWN50  	TW 50 INDEX  	   0.9016
2014-10-15	TWN50  	TW 50 INDEX  	  -0.9391
2014-10-16	TWN50  	TW 50 INDEX  	  -0.2275
2014-10-17	TWN50  	TW 50 INDEX  	  -1.1937
2014-10-20	TWN50  	TW 50 INDEX  	   2.0193
2014-10-21	TWN50  	TW 50 INDEX  	  -0.1368
2014-10-22	TWN50  	TW 50 INDEX  	   1.3415
2014-10-23	TWN50  	TW 50 INDEX  	  -0.1467
2014-10-24	TWN50  	TW 50 INDEX  	  -0.9230
2014-10-27	TWN50  	TW 50 INDEX  	   0.5699
2014-10-28	TWN50  	TW 50 INDEX  	   1.4464
2014-10-29	TWN50  	TW 50 INDEX  	   1.2249
2014-10-30	TWN50  	TW 50 INDEX  	  -0.2620
2014-10-31	TWN50  	TW 50 INDEX  	   0.9882
2014-11-03	TWN50  	TW 50 INDEX  	   0.3886
2014-11-04	TWN50  	TW 50 INDEX  	  -0.0886
2014-11-05	TWN50  	TW 50 INDEX  	  -0.3678
2014-11-06	TWN50  	TW 50 INDEX  	  -0.6389
2014-11-07	TWN50  	TW 50 INDEX  	  -0.0203
2014-11-10	TWN50  	TW 50 INDEX  	   1.9407
2014-11-11	TWN50  	TW 50 INDEX  	  -0.3375
2014-11-12	TWN50  	TW 50 INDEX  	  -1.3962
2014-11-13	TWN50  	TW 50 INDEX  	   0.9495
2014-11-14	TWN50  	TW 50 INDEX  	  -0.0024
2014-11-17	TWN50  	TW 50 INDEX  	  -1.1354
2014-11-18	TWN50  	TW 50 INDEX  	  -0.1110
2014-11-19	TWN50  	TW 50 INDEX  	   1.5694
2014-11-20	TWN50  	TW 50 INDEX  	   1.3085
2014-11-21	TWN50  	TW 50 INDEX  	   0.0105
2014-11-24	TWN50  	TW 50 INDEX  	   0.3360
2014-11-25	TWN50  	TW 50 INDEX  	  -0.1359
2014-11-26	TWN50  	TW 50 INDEX  	   0.1421
2014-11-27	TWN50  	TW 50 INDEX  	   0.6050
2014-11-28	TWN50  	TW 50 INDEX  	   0.3453
2014-12-01	TWN50  	TW 50 INDEX  	  -1.1406
2014-12-02	TWN50  	TW 50 INDEX  	  -1.5378
2014-12-03	TWN50  	TW 50 INDEX  	   1.5355
2014-12-04	TWN50  	TW 50 INDEX  	   0.6414
2014-12-05	TWN50  	TW 50 INDEX  	  -0.6242
2014-12-08	TWN50  	TW 50 INDEX  	  -0.3553
2014-12-09	TWN50  	TW 50 INDEX  	  -0.5794
2014-12-10	TWN50  	TW 50 INDEX  	  -1.3054
2014-12-11	TWN50  	TW 50 INDEX  	  -0.3340
2014-12-12	TWN50  	TW 50 INDEX  	   0.1757
2014-12-15	TWN50  	TW 50 INDEX  	  -0.5614
2014-12-16	TWN50  	TW 50 INDEX  	  -0.7890
2014-12-17	TWN50  	TW 50 INDEX  	  -1.6113
2014-12-18	TWN50  	TW 50 INDEX  	   0.6912
2014-12-19	TWN50  	TW 50 INDEX  	   2.1699
2014-12-22	TWN50  	TW 50 INDEX  	   1.1089
2014-12-23	TWN50  	TW 50 INDEX  	  -0.1763
2014-12-24	TWN50  	TW 50 INDEX  	   1.0289
2014-12-25	TWN50  	TW 50 INDEX  	  -0.4301
2014-12-26	TWN50  	TW 50 INDEX  	   0.6670
2014-12-27	TWN50  	TW 50 INDEX  	  -0.1369
2014-12-29	TWN50  	TW 50 INDEX  	   1.0418
2014-12-30	TWN50  	TW 50 INDEX  	  -0.3268
2014-12-31	TWN50  	TW 50 INDEX  	   0.3438
2015-01-05	TWN50  	TW 50 INDEX  	  -0.5456
2015-01-06	TWN50  	TW 50 INDEX  	  -2.9667
2015-01-07	TWN50  	TW 50 INDEX  	   0.4567
2015-01-08	TWN50  	TW 50 INDEX  	   2.2147
2015-01-09	TWN50  	TW 50 INDEX  	  -0.6351
2015-01-12	TWN50  	TW 50 INDEX  	  -0.5390
2015-01-13	TWN50  	TW 50 INDEX  	   0.5608
2015-01-14	TWN50  	TW 50 INDEX  	  -0.8624
2015-01-15	TWN50  	TW 50 INDEX  	  -0.0140
2015-01-16	TWN50  	TW 50 INDEX  	   0.3188
2015-01-19	TWN50  	TW 50 INDEX  	   1.0033
2015-01-20	TWN50  	TW 50 INDEX  	   0.5803
2015-01-21	TWN50  	TW 50 INDEX  	   0.9924
2015-01-22	TWN50  	TW 50 INDEX  	   0.3031
2015-01-23	TWN50  	TW 50 INDEX  	   1.7539
2015-01-26	TWN50  	TW 50 INDEX  	   0.1688
2015-01-27	TWN50  	TW 50 INDEX  	   0.5779
2015-01-28	TWN50  	TW 50 INDEX  	  -0.1317
2015-01-29	TWN50  	TW 50 INDEX  	  -1.2143
2015-01-30	TWN50  	TW 50 INDEX  	  -0.9434
2015-02-02	TWN50  	TW 50 INDEX  	   0.6057
2015-02-03	TWN50  	TW 50 INDEX  	   0.8338
2015-02-04	TWN50  	TW 50 INDEX  	   0.8780
2015-02-05	TWN50  	TW 50 INDEX  	  -0.1020
2015-02-06	TWN50  	TW 50 INDEX  	  -0.7838
2015-02-09	TWN50  	TW 50 INDEX  	  -0.3901
2015-02-10	TWN50  	TW 50 INDEX  	  -0.4289
2015-02-11	TWN50  	TW 50 INDEX  	   1.2198
2015-02-12	TWN50  	TW 50 INDEX  	   0.4597
2015-02-13	TWN50  	TW 50 INDEX  	   0.3276
2015-02-24	TWN50  	TW 50 INDEX  	   1.1078
2015-02-25	TWN50  	TW 50 INDEX  	   0.9295
2015-02-26	TWN50  	TW 50 INDEX  	  -1.2534
2015-03-02	TWN50  	TW 50 INDEX  	  -0.4278
2015-03-03	TWN50  	TW 50 INDEX  	   0.1240
2015-03-04	TWN50  	TW 50 INDEX  	   0.2743
2015-03-05	TWN50  	TW 50 INDEX  	  -0.5278
2015-03-06	TWN50  	TW 50 INDEX  	   0.4595
2015-03-09	TWN50  	TW 50 INDEX  	  -1.2885
2015-03-10	TWN50  	TW 50 INDEX  	  -0.2670
2015-03-11	TWN50  	TW 50 INDEX  	   0.0695
2015-03-12	TWN50  	TW 50 INDEX  	   0.8457
2015-03-13	TWN50  	TW 50 INDEX  	  -0.2633
2015-03-16	TWN50  	TW 50 INDEX  	  -1.0887
2015-03-17	TWN50  	TW 50 INDEX  	   0.5897
2015-03-18	TWN50  	TW 50 INDEX  	   1.6366
2015-03-19	TWN50  	TW 50 INDEX  	   0.9273
2015-03-20	TWN50  	TW 50 INDEX  	   0.1489
2015-03-23	TWN50  	TW 50 INDEX  	   0.1845
2015-03-24	TWN50  	TW 50 INDEX  	  -0.4876
2015-03-25	TWN50  	TW 50 INDEX  	  -0.6132
2015-03-26	TWN50  	TW 50 INDEX  	  -0.8643
2015-03-27	TWN50  	TW 50 INDEX  	  -1.7450
2015-03-30	TWN50  	TW 50 INDEX  	   0.4851
2015-03-31	TWN50  	TW 50 INDEX  	   0.7275
2015-04-01	TWN50  	TW 50 INDEX  	  -0.8950
2015-04-02	TWN50  	TW 50 INDEX  	   1.2187
2015-04-07	TWN50  	TW 50 INDEX  	   0.2701
2015-04-08	TWN50  	TW 50 INDEX  	  -0.9657
2015-04-09	TWN50  	TW 50 INDEX  	   0.1287
2015-04-10	TWN50  	TW 50 INDEX  	   0.8342
2015-04-13	TWN50  	TW 50 INDEX  	   0.3613
2015-04-14	TWN50  	TW 50 INDEX  	  -0.5985
2015-04-15	TWN50  	TW 50 INDEX  	  -1.1837
2015-04-16	TWN50  	TW 50 INDEX  	   1.7319
2015-04-17	TWN50  	TW 50 INDEX  	  -1.2452
2015-04-20	TWN50  	TW 50 INDEX  	   0.0354
2015-04-21	TWN50  	TW 50 INDEX  	   0.1024
2015-04-22	TWN50  	TW 50 INDEX  	   0.8373
2015-04-23	TWN50  	TW 50 INDEX  	   2.3521
2015-04-24	TWN50  	TW 50 INDEX  	   1.7893
2015-04-27	TWN50  	TW 50 INDEX  	   0.4747
2015-04-28	TWN50  	TW 50 INDEX  	  -0.2746
2015-04-29	TWN50  	TW 50 INDEX  	  -1.4903
2015-04-30	TWN50  	TW 50 INDEX  	  -0.7235
2015-05-04	TWN50  	TW 50 INDEX  	   0.4903
2015-05-05	TWN50  	TW 50 INDEX  	  -0.2071
2015-05-06	TWN50  	TW 50 INDEX  	  -0.1907
2015-05-07	TWN50  	TW 50 INDEX  	  -1.2185
2015-05-08	TWN50  	TW 50 INDEX  	   0.1503
2015-05-11	TWN50  	TW 50 INDEX  	   0.2200
2015-05-12	TWN50  	TW 50 INDEX  	   0.0570
2015-05-13	TWN50  	TW 50 INDEX  	   0.6272
2015-05-14	TWN50  	TW 50 INDEX  	  -1.2861
2015-05-15	TWN50  	TW 50 INDEX  	  -0.0556
2015-05-18	TWN50  	TW 50 INDEX  	   0.6532
2015-05-19	TWN50  	TW 50 INDEX  	   1.0988
2015-05-20	TWN50  	TW 50 INDEX  	  -0.3691
2015-05-21	TWN50  	TW 50 INDEX  	  -1.1068
2015-05-22	TWN50  	TW 50 INDEX  	   0.7291
2015-05-25	TWN50  	TW 50 INDEX  	   0.2275
2015-05-26	TWN50  	TW 50 INDEX  	   0.1946
2015-05-27	TWN50  	TW 50 INDEX  	   0.2094
2015-05-28	TWN50  	TW 50 INDEX  	   0.2468
2015-05-29	TWN50  	TW 50 INDEX  	  -0.2480
2015-06-01	TWN50  	TW 50 INDEX  	  -1.0496
2015-06-02	TWN50  	TW 50 INDEX  	  -0.1290
2015-06-03	TWN50  	TW 50 INDEX  	  -0.4342
2015-06-04	TWN50  	TW 50 INDEX  	  -2.0444
2015-06-05	TWN50  	TW 50 INDEX  	  -0.0766
2015-06-08	TWN50  	TW 50 INDEX  	   0.2544
2015-06-09	TWN50  	TW 50 INDEX  	  -1.1806
2015-06-10	TWN50  	TW 50 INDEX  	   0.8985
2015-06-11	TWN50  	TW 50 INDEX  	   0.4233
2015-06-12	TWN50  	TW 50 INDEX  	   0.1508
2015-06-15	TWN50  	TW 50 INDEX  	  -0.5586
2015-06-16	TWN50  	TW 50 INDEX  	  -0.3288
2015-06-17	TWN50  	TW 50 INDEX  	  -0.1559
2015-06-18	TWN50  	TW 50 INDEX  	  -0.0244
2015-06-22	TWN50  	TW 50 INDEX  	   1.4975
2015-06-23	TWN50  	TW 50 INDEX  	   0.5957
2015-06-24	TWN50  	TW 50 INDEX  	   0.1628
2015-06-25	TWN50  	TW 50 INDEX  	   0.9514
2015-06-26	TWN50  	TW 50 INDEX  	  -0.1829
2015-06-29	TWN50  	TW 50 INDEX  	  -2.7490
2015-06-30	TWN50  	TW 50 INDEX  	   0.9427
2015-07-01	TWN50  	TW 50 INDEX  	   0.4211
2015-07-02	TWN50  	TW 50 INDEX  	   0.0761
2015-07-03	TWN50  	TW 50 INDEX  	  -0.0929
2015-07-06	TWN50  	TW 50 INDEX  	  -1.1393
2015-07-07	TWN50  	TW 50 INDEX  	  -0.0068
2015-07-08	TWN50  	TW 50 INDEX  	  -2.7877
2015-07-09	TWN50  	TW 50 INDEX  	  -0.8494
2015-07-13	TWN50  	TW 50 INDEX  	   1.5188
2015-07-14	TWN50  	TW 50 INDEX  	   0.0719
2015-07-15	TWN50  	TW 50 INDEX  	   0.3479
2015-07-16	TWN50  	TW 50 INDEX  	  -0.3176
2015-07-17	TWN50  	TW 50 INDEX  	   0.1505
2015-07-20	TWN50  	TW 50 INDEX  	  -0.6694
2015-07-21	TWN50  	TW 50 INDEX  	   0.7731
2015-07-22	TWN50  	TW 50 INDEX  	  -1.0713
2015-07-23	TWN50  	TW 50 INDEX  	  -1.8224
2015-07-24	TWN50  	TW 50 INDEX  	  -0.1029
2015-07-27	TWN50  	TW 50 INDEX  	  -1.8629
2015-07-28	TWN50  	TW 50 INDEX  	   0.1364
2015-07-29	TWN50  	TW 50 INDEX  	  -0.2400
2015-07-30	TWN50  	TW 50 INDEX  	   1.2078
2015-07-31	TWN50  	TW 50 INDEX  	   0.4050
2015-08-03	TWN50  	TW 50 INDEX  	  -2.0444
2015-08-04	TWN50  	TW 50 INDEX  	   0.3701
2015-08-05	TWN50  	TW 50 INDEX  	  -0.1904
2015-08-06	TWN50  	TW 50 INDEX  	  -0.9094
2015-08-07	TWN50  	TW 50 INDEX  	  -0.2012
2015-08-10	TWN50  	TW 50 INDEX  	  -0.5205
2015-08-11	TWN50  	TW 50 INDEX  	  -0.4617
2015-08-12	TWN50  	TW 50 INDEX  	  -1.6586
2015-08-13	TWN50  	TW 50 INDEX  	   0.2358
2015-08-14	TWN50  	TW 50 INDEX  	  -0.1899
2015-08-17	TWN50  	TW 50 INDEX  	  -1.1600
2015-08-18	TWN50  	TW 50 INDEX  	  -0.1777
2015-08-19	TWN50  	TW 50 INDEX  	  -1.5158
2015-08-20	TWN50  	TW 50 INDEX  	  -0.1647
2015-08-21	TWN50  	TW 50 INDEX  	  -3.0899
2015-08-24	TWN50  	TW 50 INDEX  	  -3.9739
2015-08-25	TWN50  	TW 50 INDEX  	   4.5447
2015-08-26	TWN50  	TW 50 INDEX  	  -0.0055
2015-08-27	TWN50  	TW 50 INDEX  	   1.2267
2015-08-28	TWN50  	TW 50 INDEX  	   2.4957
2015-08-31	TWN50  	TW 50 INDEX  	   2.4847
2015-09-01	TWN50  	TW 50 INDEX  	  -2.8883
2015-09-02	TWN50  	TW 50 INDEX  	   0.2163
2015-09-03	TWN50  	TW 50 INDEX  	   0.4241
2015-09-04	TWN50  	TW 50 INDEX  	  -1.3345
2015-09-07	TWN50  	TW 50 INDEX  	  -0.5015
2015-09-08	TWN50  	TW 50 INDEX  	   0.0725
2015-09-09	TWN50  	TW 50 INDEX  	   4.2056
2015-09-10	TWN50  	TW 50 INDEX  	  -0.9728
2015-09-11	TWN50  	TW 50 INDEX  	   0.6846
2015-09-14	TWN50  	TW 50 INDEX  	   0.1091
2015-09-15	TWN50  	TW 50 INDEX  	  -0.9372
2015-09-16	TWN50  	TW 50 INDEX  	   1.1781
2015-09-17	TWN50  	TW 50 INDEX  	   1.3863
2015-09-18	TWN50  	TW 50 INDEX  	  -0.0395
2015-09-21	TWN50  	TW 50 INDEX  	  -2.1005
2015-09-22	TWN50  	TW 50 INDEX  	   0.5215
2015-09-23	TWN50  	TW 50 INDEX  	  -2.3020
2015-09-24	TWN50  	TW 50 INDEX  	  -0.6165
2015-09-25	TWN50  	TW 50 INDEX  	   0.0317
2015-09-30	TWN50  	TW 50 INDEX  	   0.8307
2015-10-01	TWN50  	TW 50 INDEX  	   1.4321
2015-10-02	TWN50  	TW 50 INDEX  	  -0.0719
2015-10-05	TWN50  	TW 50 INDEX  	   0.1890
2015-10-06	TWN50  	TW 50 INDEX  	   0.7554
2015-10-07	TWN50  	TW 50 INDEX  	   1.3481
2015-10-08	TWN50  	TW 50 INDEX  	  -0.1629
2015-10-12	TWN50  	TW 50 INDEX  	   1.6682
2015-10-13	TWN50  	TW 50 INDEX  	  -0.3319
2015-10-14	TWN50  	TW 50 INDEX  	  -0.7650
2015-10-15	TWN50  	TW 50 INDEX  	   1.2991
2015-10-16	TWN50  	TW 50 INDEX  	  -0.2388
2015-10-19	TWN50  	TW 50 INDEX  	   0.2203
2015-10-20	TWN50  	TW 50 INDEX  	   0.0789
2015-10-21	TWN50  	TW 50 INDEX  	  -0.6091
2015-10-22	TWN50  	TW 50 INDEX  	  -0.1651
2015-10-23	TWN50  	TW 50 INDEX  	   1.0848
2015-10-26	TWN50  	TW 50 INDEX  	   0.7412
2015-10-27	TWN50  	TW 50 INDEX  	  -0.6924
2015-10-28	TWN50  	TW 50 INDEX  	  -0.5395
2015-10-29	TWN50  	TW 50 INDEX  	  -1.1282
2015-10-30	TWN50  	TW 50 INDEX  	  -0.3211
2015-11-02	TWN50  	TW 50 INDEX  	   0.8055
2015-11-03	TWN50  	TW 50 INDEX  	   1.2739
2015-11-04	TWN50  	TW 50 INDEX  	   2.0717
2015-11-05	TWN50  	TW 50 INDEX  	  -0.3732
2015-11-06	TWN50  	TW 50 INDEX  	  -2.0539
2015-11-09	TWN50  	TW 50 INDEX  	  -0.1078
2015-11-10	TWN50  	TW 50 INDEX  	  -1.5227
2015-11-11	TWN50  	TW 50 INDEX  	  -1.2714
2015-11-12	TWN50  	TW 50 INDEX  	   0.1827
2015-11-13	TWN50  	TW 50 INDEX  	  -1.3176
2015-11-16	TWN50  	TW 50 INDEX  	  -0.4498
2015-11-17	TWN50  	TW 50 INDEX  	   1.6249
2015-11-18	TWN50  	TW 50 INDEX  	  -1.1518
2015-11-19	TWN50  	TW 50 INDEX  	   1.9382
2015-11-20	TWN50  	TW 50 INDEX  	  -0.2308
2015-11-23	TWN50  	TW 50 INDEX  	   0.2889
2015-11-24	TWN50  	TW 50 INDEX  	  -1.1243
2015-11-25	TWN50  	TW 50 INDEX  	   0.0419
2015-11-26	TWN50  	TW 50 INDEX  	   1.1747
2015-11-27	TWN50  	TW 50 INDEX  	  -1.3689
2015-11-30	TWN50  	TW 50 INDEX  	  -0.8949
2015-12-01	TWN50  	TW 50 INDEX  	   2.0202
2015-12-02	TWN50  	TW 50 INDEX  	  -0.1564
2015-12-03	TWN50  	TW 50 INDEX  	  -0.1232
2015-12-04	TWN50  	TW 50 INDEX  	  -0.9871
2015-12-07	TWN50  	TW 50 INDEX  	   0.8979
2015-12-08	TWN50  	TW 50 INDEX  	  -1.3358
2015-12-09	TWN50  	TW 50 INDEX  	  -1.2445
2015-12-10	TWN50  	TW 50 INDEX  	  -0.1361
2015-12-11	TWN50  	TW 50 INDEX  	  -1.0105
2015-12-14	TWN50  	TW 50 INDEX  	  -1.1896
2015-12-15	TWN50  	TW 50 INDEX  	   0.0245
2015-12-16	TWN50  	TW 50 INDEX  	   1.5775
2015-12-17	TWN50  	TW 50 INDEX  	   1.7980
2015-12-18	TWN50  	TW 50 INDEX  	  -1.3293
2015-12-21	TWN50  	TW 50 INDEX  	   0.1500
2015-12-22	TWN50  	TW 50 INDEX  	   0.3569
2015-12-23	TWN50  	TW 50 INDEX  	   0.2887
2015-12-24	TWN50  	TW 50 INDEX  	   0.3024
2015-12-25	TWN50  	TW 50 INDEX  	   0.3810
2015-12-28	TWN50  	TW 50 INDEX  	   0.0639
2015-12-29	TWN50  	TW 50 INDEX  	  -1.0275
2015-12-30	TWN50  	TW 50 INDEX  	  -0.1680
2015-12-31	TWN50  	TW 50 INDEX  	   0.8430
2016-01-04	TWN50  	TW 50 INDEX  	  -3.0660
2016-01-05	TWN50  	TW 50 INDEX  	  -0.5547
2016-01-06	TWN50  	TW 50 INDEX  	  -1.1848
2016-01-07	TWN50  	TW 50 INDEX  	  -1.6077
2016-01-08	TWN50  	TW 50 INDEX  	   0.1882
2016-01-11	TWN50  	TW 50 INDEX  	  -1.2822
2016-01-12	TWN50  	TW 50 INDEX  	   0.1657
2016-01-13	TWN50  	TW 50 INDEX  	   0.6993
2016-01-14	TWN50  	TW 50 INDEX  	  -1.0542
2016-01-15	TWN50  	TW 50 INDEX  	   0.7278
2016-01-18	TWN50  	TW 50 INDEX  	  -0.1673
2016-01-19	TWN50  	TW 50 INDEX  	   0.5225
2016-01-20	TWN50  	TW 50 INDEX  	  -2.1886
2016-01-21	TWN50  	TW 50 INDEX  	  -0.4484
2016-01-22	TWN50  	TW 50 INDEX  	   1.5821
2016-01-25	TWN50  	TW 50 INDEX  	   1.8142
2016-01-26	TWN50  	TW 50 INDEX  	  -1.0642
2016-01-27	TWN50  	TW 50 INDEX  	   0.4542
2016-01-28	TWN50  	TW 50 INDEX  	   0.6420
2016-01-29	TWN50  	TW 50 INDEX  	   2.6368
2016-01-30	TWN50  	TW 50 INDEX  	   0.7027
2016-02-01	TWN50  	TW 50 INDEX  	   0.3006
2016-02-02	TWN50  	TW 50 INDEX  	  -0.5318
2016-02-03	TWN50  	TW 50 INDEX  	  -0.6455
2016-02-15	TWN50  	TW 50 INDEX  	  -0.2001
2016-02-16	TWN50  	TW 50 INDEX  	   2.1229
2016-02-17	TWN50  	TW 50 INDEX  	  -0.0305
2016-02-18	TWN50  	TW 50 INDEX  	   1.4428
2016-02-19	TWN50  	TW 50 INDEX  	  -0.0269
2016-02-22	TWN50  	TW 50 INDEX  	  -0.0371
2016-02-23	TWN50  	TW 50 INDEX  	  -0.1425
2016-02-24	TWN50  	TW 50 INDEX  	  -0.7041
2016-02-25	TWN50  	TW 50 INDEX  	   1.3508
2016-02-26	TWN50  	TW 50 INDEX  	   0.3293
2016-03-01	TWN50  	TW 50 INDEX  	   0.8107
2016-03-02	TWN50  	TW 50 INDEX  	   0.8703
2016-03-03	TWN50  	TW 50 INDEX  	   1.1037
2016-03-04	TWN50  	TW 50 INDEX  	   0.1401
2016-03-07	TWN50  	TW 50 INDEX  	  -0.0446
2016-03-08	TWN50  	TW 50 INDEX  	   0.1938
2016-03-09	TWN50  	TW 50 INDEX  	  -0.3602
2016-03-10	TWN50  	TW 50 INDEX  	   0.3948
2016-03-11	TWN50  	TW 50 INDEX  	   0.5410
2016-03-14	TWN50  	TW 50 INDEX  	   0.5668
2016-03-15	TWN50  	TW 50 INDEX  	  -1.3748
2016-03-16	TWN50  	TW 50 INDEX  	   0.9483
2016-03-17	TWN50  	TW 50 INDEX  	   0.7843
2016-03-18	TWN50  	TW 50 INDEX  	   0.9738
2016-03-21	TWN50  	TW 50 INDEX  	  -0.0566
2016-03-22	TWN50  	TW 50 INDEX  	  -0.4204
2016-03-23	TWN50  	TW 50 INDEX  	  -0.0127
2016-03-24	TWN50  	TW 50 INDEX  	  -0.2481
2016-03-25	TWN50  	TW 50 INDEX  	  -0.5929
2016-03-28	TWN50  	TW 50 INDEX  	   0.1383
2016-03-29	TWN50  	TW 50 INDEX  	  -0.5452
2016-03-30	TWN50  	TW 50 INDEX  	   1.4882
2016-03-31	TWN50  	TW 50 INDEX  	   0.1952
2016-04-01	TWN50  	TW 50 INDEX  	  -1.4697
2016-04-06	TWN50  	TW 50 INDEX  	  -2.2332
2016-04-07	TWN50  	TW 50 INDEX  	  -0.1844
2016-04-08	TWN50  	TW 50 INDEX  	   0.9077
2016-04-11	TWN50  	TW 50 INDEX  	   0.3659
2016-04-12	TWN50  	TW 50 INDEX  	  -0.1908
2016-04-13	TWN50  	TW 50 INDEX  	   1.6714
2016-04-14	TWN50  	TW 50 INDEX  	   0.1312
2016-04-15	TWN50  	TW 50 INDEX  	   0.2591
2016-04-18	TWN50  	TW 50 INDEX  	  -0.4737
2016-04-19	TWN50  	TW 50 INDEX  	  -0.5696
2016-04-20	TWN50  	TW 50 INDEX  	  -1.5373
2016-04-21	TWN50  	TW 50 INDEX  	   0.9198
2016-04-22	TWN50  	TW 50 INDEX  	  -0.1493
2016-04-25	TWN50  	TW 50 INDEX  	   0.2499
2016-04-26	TWN50  	TW 50 INDEX  	   0.2524
2016-04-27	TWN50  	TW 50 INDEX  	  -0.2731
2016-04-28	TWN50  	TW 50 INDEX  	  -1.3993
2016-04-29	TWN50  	TW 50 INDEX  	  -1.2618
2016-05-03	TWN50  	TW 50 INDEX  	  -1.2940
2016-05-04	TWN50  	TW 50 INDEX  	  -1.3019
2016-05-05	TWN50  	TW 50 INDEX  	  -0.2777
2016-05-06	TWN50  	TW 50 INDEX  	  -0.3094
2016-05-09	TWN50  	TW 50 INDEX  	  -0.0632
2016-05-10	TWN50  	TW 50 INDEX  	   0.3526
2016-05-11	TWN50  	TW 50 INDEX  	  -0.1087
2016-05-12	TWN50  	TW 50 INDEX  	  -0.1695
2016-05-13	TWN50  	TW 50 INDEX  	  -0.6652
2016-05-16	TWN50  	TW 50 INDEX  	   0.2040
2016-05-17	TWN50  	TW 50 INDEX  	   0.8892
2016-05-18	TWN50  	TW 50 INDEX  	   0.2407
2016-05-19	TWN50  	TW 50 INDEX  	  -0.7744
2016-05-20	TWN50  	TW 50 INDEX  	   0.5653
2016-05-23	TWN50  	TW 50 INDEX  	   3.0547
2016-05-24	TWN50  	TW 50 INDEX  	  -0.8244
2016-05-25	TWN50  	TW 50 INDEX  	   1.4376
2016-05-26	TWN50  	TW 50 INDEX  	  -0.0980
2016-05-27	TWN50  	TW 50 INDEX  	   0.9620
2016-05-30	TWN50  	TW 50 INDEX  	   0.9067
2016-05-31	TWN50  	TW 50 INDEX  	   0.0634
2016-06-01	TWN50  	TW 50 INDEX  	   0.9035
2016-06-02	TWN50  	TW 50 INDEX  	  -0.4670
2016-06-03	TWN50  	TW 50 INDEX  	   0.6412
2016-06-04	TWN50  	TW 50 INDEX  	  -0.1193
2016-06-06	TWN50  	TW 50 INDEX  	   0.2776
2016-06-07	TWN50  	TW 50 INDEX  	   1.1004
2016-06-08	TWN50  	TW 50 INDEX  	   0.6560
2016-06-13	TWN50  	TW 50 INDEX  	  -2.3092
2016-06-14	TWN50  	TW 50 INDEX  	   0.5307
2016-06-15	TWN50  	TW 50 INDEX  	   0.4391
2016-06-16	TWN50  	TW 50 INDEX  	  -1.6139
2016-06-17	TWN50  	TW 50 INDEX  	   1.0580
2016-06-20	TWN50  	TW 50 INDEX  	   0.6456
2016-06-21	TWN50  	TW 50 INDEX  	   0.7385
2016-06-22	TWN50  	TW 50 INDEX  	   0.3487
2016-06-23	TWN50  	TW 50 INDEX  	  -0.5215
2016-06-24	TWN50  	TW 50 INDEX  	  -2.3656
2016-06-27	TWN50  	TW 50 INDEX  	  -0.7466
2016-06-28	TWN50  	TW 50 INDEX  	   0.5874
2016-06-29	TWN50  	TW 50 INDEX  	   1.1474
2016-06-30	TWN50  	TW 50 INDEX  	   1.1871
2016-07-01	TWN50  	TW 50 INDEX  	   1.0738
2016-07-04	TWN50  	TW 50 INDEX  	   0.3714
2016-07-05	TWN50  	TW 50 INDEX  	  -0.7320
2016-07-06	TWN50  	TW 50 INDEX  	  -1.8798
2016-07-07	TWN50  	TW 50 INDEX  	   0.9252
2016-07-11	TWN50  	TW 50 INDEX  	   2.1866
2016-07-12	TWN50  	TW 50 INDEX  	   0.7930
2016-07-13	TWN50  	TW 50 INDEX  	  -0.0166
2016-07-14	TWN50  	TW 50 INDEX  	   0.1070
2016-07-15	TWN50  	TW 50 INDEX  	   1.0189
2016-07-18	TWN50  	TW 50 INDEX  	   0.7578
2016-07-19	TWN50  	TW 50 INDEX  	   0.3128
2016-07-20	TWN50  	TW 50 INDEX  	  -0.4332
2016-07-21	TWN50  	TW 50 INDEX  	   0.6066
2016-07-22	TWN50  	TW 50 INDEX  	  -0.6097
2016-07-25	TWN50  	TW 50 INDEX  	  -0.0344
2016-07-26	TWN50  	TW 50 INDEX  	   0.4682
2016-07-27	TWN50  	TW 50 INDEX  	   0.5693
2016-07-28	TWN50  	TW 50 INDEX  	   0.3094
2016-07-29	TWN50  	TW 50 INDEX  	  -1.4744
2016-08-01	TWN50  	TW 50 INDEX  	   1.4252
2016-08-02	TWN50  	TW 50 INDEX  	  -0.1776
2016-08-03	TWN50  	TW 50 INDEX  	  -1.0142
2016-08-04	TWN50  	TW 50 INDEX  	   0.3244
2016-08-05	TWN50  	TW 50 INDEX  	   0.8455
2016-08-08	TWN50  	TW 50 INDEX  	   0.8549
2016-08-09	TWN50  	TW 50 INDEX  	   0.2202
2016-08-10	TWN50  	TW 50 INDEX  	   0.4805
2016-08-11	TWN50  	TW 50 INDEX  	  -0.8334
2016-08-12	TWN50  	TW 50 INDEX  	   0.0937
2016-08-15	TWN50  	TW 50 INDEX  	   0.0385
2016-08-16	TWN50  	TW 50 INDEX  	  -0.6689
2016-08-17	TWN50  	TW 50 INDEX  	   0.0551
2016-08-18	TWN50  	TW 50 INDEX  	  -0.0061
2016-08-19	TWN50  	TW 50 INDEX  	  -1.0068
2016-08-22	TWN50  	TW 50 INDEX  	  -0.5322
2016-08-23	TWN50  	TW 50 INDEX  	   0.5775
2016-08-24	TWN50  	TW 50 INDEX  	  -0.2277
2016-08-25	TWN50  	TW 50 INDEX  	   1.3704
2016-08-26	TWN50  	TW 50 INDEX  	   0.1094
2016-08-29	TWN50  	TW 50 INDEX  	  -0.2144
2016-08-30	TWN50  	TW 50 INDEX  	  -0.1710
2016-08-31	TWN50  	TW 50 INDEX  	  -0.5308
2016-09-01	TWN50  	TW 50 INDEX  	  -0.8782
2016-09-02	TWN50  	TW 50 INDEX  	   0.0148
2016-09-05	TWN50  	TW 50 INDEX  	   1.3038
2016-09-06	TWN50  	TW 50 INDEX  	   1.0877
2016-09-07	TWN50  	TW 50 INDEX  	   1.1241
2016-09-08	TWN50  	TW 50 INDEX  	  -0.2898
2016-09-09	TWN50  	TW 50 INDEX  	  -1.4642
2016-09-10	TWN50  	TW 50 INDEX  	  -1.1244
2016-09-12	TWN50  	TW 50 INDEX  	  -1.3412
2016-09-13	TWN50  	TW 50 INDEX  	   0.0910
2016-09-14	TWN50  	TW 50 INDEX  	  -0.6400
2016-09-19	TWN50  	TW 50 INDEX  	   3.6489
2016-09-20	TWN50  	TW 50 INDEX  	   0.0776
2016-09-21	TWN50  	TW 50 INDEX  	   0.5904
2016-09-22	TWN50  	TW 50 INDEX  	   0.1680
2016-09-23	TWN50  	TW 50 INDEX  	   0.6844
2016-09-26	TWN50  	TW 50 INDEX  	  -1.3490
2016-09-29	TWN50  	TW 50 INDEX  	   1.1562
2016-09-30	TWN50  	TW 50 INDEX  	  -1.4083
2016-10-03	TWN50  	TW 50 INDEX  	   0.9848
2016-10-04	TWN50  	TW 50 INDEX  	   0.6456
2016-10-05	TWN50  	TW 50 INDEX  	  -0.2027
2016-10-06	TWN50  	TW 50 INDEX  	   0.1294
2016-10-07	TWN50  	TW 50 INDEX  	  -0.1457
2016-10-11	TWN50  	TW 50 INDEX  	  -0.1177
2016-10-12	TWN50  	TW 50 INDEX  	   0.5982
2016-10-13	TWN50  	TW 50 INDEX  	  -0.4308
2016-10-14	TWN50  	TW 50 INDEX  	  -0.3832
2016-10-17	TWN50  	TW 50 INDEX  	  -0.0718
2016-10-18	TWN50  	TW 50 INDEX  	   0.5653
2016-10-19	TWN50  	TW 50 INDEX  	   0.8620
2016-10-20	TWN50  	TW 50 INDEX  	   0.3530
2016-10-21	TWN50  	TW 50 INDEX  	  -0.2587
2016-10-24	TWN50  	TW 50 INDEX  	   0.3576
2016-10-25	TWN50  	TW 50 INDEX  	   0.8377
2016-10-26	TWN50  	TW 50 INDEX  	  -0.2993
2016-10-27	TWN50  	TW 50 INDEX  	  -0.9351
2016-10-28	TWN50  	TW 50 INDEX  	   0.2561
2016-10-31	TWN50  	TW 50 INDEX  	  -0.2583
2016-11-01	TWN50  	TW 50 INDEX  	  -0.0997
2016-11-02	TWN50  	TW 50 INDEX  	  -1.3417
2016-11-03	TWN50  	TW 50 INDEX  	  -0.7445
2016-11-04	TWN50  	TW 50 INDEX  	   0.0155
2016-11-07	TWN50  	TW 50 INDEX  	   1.4892
2016-11-08	TWN50  	TW 50 INDEX  	   0.3150
2016-11-09	TWN50  	TW 50 INDEX  	  -3.0351
2016-11-10	TWN50  	TW 50 INDEX  	   2.1935
2016-11-11	TWN50  	TW 50 INDEX  	  -2.3488
2016-11-14	TWN50  	TW 50 INDEX  	  -0.1621
2016-11-15	TWN50  	TW 50 INDEX  	  -0.2011
2016-11-16	TWN50  	TW 50 INDEX  	   0.3255
2016-11-17	TWN50  	TW 50 INDEX  	   0.5919
2016-11-18	TWN50  	TW 50 INDEX  	  -0.0510
2016-11-21	TWN50  	TW 50 INDEX  	   0.2761
2016-11-22	TWN50  	TW 50 INDEX  	   1.1180
2016-11-23	TWN50  	TW 50 INDEX  	   0.5725
2016-11-24	TWN50  	TW 50 INDEX  	  -0.5528
2016-11-25	TWN50  	TW 50 INDEX  	  -0.0626
2016-11-28	TWN50  	TW 50 INDEX  	   0.8455
2016-11-29	TWN50  	TW 50 INDEX  	  -0.4859
2016-11-30	TWN50  	TW 50 INDEX  	   0.3824
2016-12-01	TWN50  	TW 50 INDEX  	   0.2389
2016-12-02	TWN50  	TW 50 INDEX  	  -1.0496
2016-12-05	TWN50  	TW 50 INDEX  	  -0.2097
2016-12-06	TWN50  	TW 50 INDEX  	   1.1272
2016-12-07	TWN50  	TW 50 INDEX  	   0.0980
2016-12-08	TWN50  	TW 50 INDEX  	   1.5435
2016-12-09	TWN50  	TW 50 INDEX  	   0.1623
2016-12-12	TWN50  	TW 50 INDEX  	  -0.3883
2016-12-13	TWN50  	TW 50 INDEX  	   0.3134
2016-12-14	TWN50  	TW 50 INDEX  	  -0.1625
2016-12-15	TWN50  	TW 50 INDEX  	  -0.1058
2016-12-16	TWN50  	TW 50 INDEX  	  -0.5473
2016-12-19	TWN50  	TW 50 INDEX  	  -0.9902
2016-12-20	TWN50  	TW 50 INDEX  	   0.0789
2016-12-21	TWN50  	TW 50 INDEX  	  -0.6013
2016-12-22	TWN50  	TW 50 INDEX  	  -0.9727
2016-12-23	TWN50  	TW 50 INDEX  	  -0.4395
2016-12-26	TWN50  	TW 50 INDEX  	   0.4981
2016-12-27	TWN50  	TW 50 INDEX  	   0.0193
2016-12-28	TWN50  	TW 50 INDEX  	   1.1121
2016-12-29	TWN50  	TW 50 INDEX  	  -0.7637
2016-12-30	TWN50  	TW 50 INDEX  	   1.0403
